<?xml version="1.0" encoding="UTF-8"?>
<project xmlns:xsi="http://www.w3.org/2001/XMLSchema-instance" uuid="1c5ff0b1-335f-4f80-aa8c-82f8994357eb" xsi:noNamespaceSchemaLocation="http://www.jetbrains.com/teamcity/schemas/2017.2/project-config.xsd">
  <name>&lt;Root project&gt;</name>
  <description>Contains all other projects</description>
  <parameters>
    <param name="sonarqube.dotCoverHtmlReport" value="%system.teamcity.build.tempDir%\dotCoverHtmlReport.html" />
    <param name="sonarqube.runnerpath" value="c:\sonarquberunner" />
    <param name="sonarqube.token" value="eb71436c5a7bef8a4237c827ac1f9d2a159f42e2" />
    <param name="sonarqube.url" value="http://192.168.8.119:9000" />
  </parameters>
  <project-extensions>
    <extension id="PROJECT_EXT_1" type="ReportTab">
      <parameters>
        <param name="startPage" value="coverage.zip!index.html" />
        <param name="title" value="Code Coverage" />
        <param name="type" value="BuildReportTab" />
      </parameters>
    </extension>
    <extension id="PROJECT_EXT_2" type="OAuthProvider">
      <parameters>
        <param name="displayName" value="Visual Studio Team Services" />
        <param name="providerType" value="tfs" />
        <param name="secure:accessToken" value="zxx60d97f235d415fdd8fac1d949380477facd5abaf3af3be1541359600d006326771b83da3f8bfbc4b808cc6183bf51b49af1d7a9457c0c9c1" />
        <param name="serverUrl" value="https://mclarenracing.visualstudio.com" />
        <param name="type" value="token" />
      </parameters>
    </extension>
    <extension id="PROJECT_EXT_3" type="OAuthProvider">
      <parameters>
        <param name="clientId" value="57e13eb5e3cc026114b5" />
        <param name="defaultTokenScope" value="public_repo,repo,repo:status,write:repo_hook" />
        <param name="displayName" value="GitHub.com" />
        <param name="gitHubUrl" value="https://github.com/" />
        <param name="providerType" value="GitHub" />
        <param name="secure:clientSecret" value="zxx69792239094dc9f943919dd7d1c5452aca514905c8dd22b62ac7f9795340d38615af34d61056eacd775d03cbe80d301b" />
      </parameters>
    </extension>
  </project-extensions>
  <cleanup>
    <options>
      <option name="preventDependenciesArtifactsFromCleanup" value="false" />
    </options>
  </cleanup>
</project>

