<?xml version="1.0" encoding="UTF-8"?>
<template xmlns:xsi="http://www.w3.org/2001/XMLSchema-instance" uuid="c0988da7-a690-4768-9e7b-ec3d4c6c0218" xsi:noNamespaceSchemaLocation="http://www.jetbrains.com/teamcity/schemas/2017.2/project-config.xsd">
  <name>.NET Build and Analysis</name>
  <settings>
    <parameters>
      <param name="project.RootNamespace" value="TeamCityDemo" />
      <param name="project.solutionFilePath" value="TeamCityDemo.Website.sln" />
      <param name="sonarqube.projectkey" value="TeamCityDemo" />
    </parameters>
    <build-runners order="RUNNER_11, RUNNER_12, RUNNER_10, RUNNER_14, RUNNER_17, RUNNER_13, RUNNER_15, RUNNER_16">
      <runner id="RUNNER_11" name="Restore NuGet packages" type="jb.nuget.installer">
        <parameters>
          <param name="nuget.path" value="%teamcity.tool.NuGet.CommandLine.DEFAULT%" />
          <param name="nuget.updatePackages.mode" value="sln" />
          <param name="nuget.use.restore" value="restore" />
          <param name="sln.path" value="%project.solutionFilePath%" />
          <param name="teamcity.step.mode" value="default" />
        </parameters>
      </runner>
      <runner id="RUNNER_12" name="SonarQube Begin Analysis" type="jetbrains_powershell">
        <parameters>
          <param name="jetbrains_powershell_execution" value="PS1" />
          <param name="jetbrains_powershell_noprofile" value="true" />
          <param name="jetbrains_powershell_script_code"><![CDATA[$sonarQubeRunnerFolder = '%sonarqube.runnerpath%'

$sonarQubeToken = '%sonarqube.token%'
$sonarQubeBuildNumber = '%teamcity.build.id%'
$sonarQubeProjectKey = '%sonarqube.projectkey%'
$sonarQubeServerUrl ='%sonarqube.url%'
$sonarQubeFilesToExclude = '**/*.js,**/*.css,**/*.html,**/*.htm'

if (!(Test-Path -Path $sonarQubeRunnerFolder)) {
    Write-Output "Folder $sonarQubeRunnerFolder doesn't exists. Creating folder..."
    New-Item -ItemType Directory -Path $sonarQubeRunnerFolder | Out-Null
    
    Write-Output "Resolving latest version of runner..."
    $webRequestTempFile = "$sonarQubeRunnerFolder\sonar-qube-releases.json"
    $webRequestResult = Invoke-WebRequest -Uri https://api.github.com/repos/SonarSource/sonar-scanner-msbuild/releases -OutFile $webRequestTempFile -PassThru -UseBasicParsing
    $releasedVersion = ConvertFrom-Json -InputObject $webRequestResult.Content
    $downloadUrl = $releasedVersion[0].assets[0].browser_download_url
    $downloadedFilePath = ($sonarQubeRunnerFolder + '\sonarQubeRunner.zip')
    Write-Output "Downloading runner from $downloadUrl to $downloadedFilePath ..."
    Invoke-WebRequest -Uri $downloadUrl -OutFile $downloadedFilePath
    
    Write-Output "Unpacking runner..."
    Expand-Archive $downloadedFilePath -DestinationPath $sonarQubeRunnerFolder
    
    Write-Output "Cleaning up..."
    Remove-Item $downloadedFilePath -Force
    Remove-Item $webRequestTempFile -Force
}

Write-Output "Loading SonarQube rules..."
$sonarQubeScannerPath = "$sonarQubeRunnerFolder\SonarQube.Scanner.MSBuild.exe"
Write-Output "SonarQube Scanner Path: $sonarQubeScannerPath"
$argumentList= "begin /k:`"$sonarQubeProjectKey`" /v:`"$sonarQubeBuildNumber`" /d:sonar.host.url=`"$sonarQubeServerUrl`" /d:sonar.login=`"$sonarQubeToken`" /d:sonar.exclusions=`"$sonarQubeFilesToExclude`" /d:sonar.cs.dotcover.reportsPaths=`"%sonarqube.dotCoverHtmlReport%`""
Write-Output "SonarQube Arguments: $argumentList"
Invoke-Expression -Command "$sonarQubeScannerPath $argumentList"
Write-Output "Done..."]]></param>
          <param name="jetbrains_powershell_script_mode" value="CODE" />
          <param name="teamcity.step.mode" value="default" />
        </parameters>
      </runner>
      <runner id="RUNNER_10" name="Build Solution" type="VS.Solution">
        <parameters>
          <param name="build-file-path" value="%project.solutionFilePath%" />
          <param name="msbuild_version" value="15.0" />
          <param name="run-platform" value="x86" />
          <param name="targets" value="Rebuild" />
          <param name="teamcity.step.mode" value="default" />
          <param name="toolsVersion" value="15.0" />
          <param name="vs.version" value="vs2017" />
        </parameters>
      </runner>
      <runner id="RUNNER_14" name="Run Unit Tests" type="NUnit">
        <parameters>
          <param name="dotNetCoverage.NCover.HTMLReport.File.Sort" value="0" />
          <param name="dotNetCoverage.NCover.HTMLReport.File.Type" value="1" />
          <param name="dotNetCoverage.NCover.Reg" value="selected" />
          <param name="dotNetCoverage.NCover.platformBitness" value="x86" />
          <param name="dotNetCoverage.NCover.platformVersion" value="v2.0" />
          <param name="dotNetCoverage.NCover3.Reg" value="selected" />
          <param name="dotNetCoverage.NCover3.args" value="//ias .*" />
          <param name="dotNetCoverage.NCover3.platformBitness" value="x86" />
          <param name="dotNetCoverage.NCover3.platformVersion" value="v2.0" />
          <param name="dotNetCoverage.NCover3.reporter.executable.args" value="//or FullCoverageReport:Html:{teamcity.report.path}" />
          <param name="dotNetCoverage.PartCover.Reg" value="selected" />
          <param name="dotNetCoverage.PartCover.includes" value="[*]*" />
          <param name="dotNetCoverage.PartCover.platformBitness" value="x86" />
          <param name="dotNetCoverage.PartCover.platformVersion" value="v2.0" />
          <param name="dotNetCoverage.dotCover.filters"><![CDATA[+:%project.RootNamespace%.*
-:%project.RootNamespace%.*.Tests]]></param>
          <param name="dotNetCoverage.dotCover.home.path" value="%teamcity.tool.JetBrains.dotCover.CommandLineTools.DEFAULT%" />
          <param name="dotNetCoverage.tool" value="dotcover" />
          <param name="dotNetTestRunner.Type" value="NUnit" />
          <param name="nunit_enabled" value="checked" />
          <param name="nunit_environment" value="auto" />
          <param name="nunit_include" value="**\bin\*\*Tests.dll" />
          <param name="nunit_path" value="%teamcity.tool.NUnit.Console.DEFAULT%" />
          <param name="nunit_platform" value="MSIL" />
          <param name="nunit_version" value="NUnit-3.0.0" />
          <param name="teamcity.step.mode" value="default" />
        </parameters>
      </runner>
      <runner id="RUNNER_17" name="Combine dotCover reports for SonarQube" type="jetbrains_powershell">
        <parameters>
          <param name="jetbrains_powershell_execution" value="PS1" />
          <param name="jetbrains_powershell_noprofile" value="true" />
          <param name="jetbrains_powershell_script_code"><![CDATA[$Files= Get-ChildItem %system.teamcity.build.tempDir% -Recurse -Filter *.dcvr | where-object {$_.length -gt 50} | Select-Object -ExpandProperty FullName 

$snapshot =[string]::Join(";",$Files) 

Write-Output "Discovered snapshots: $snapshot"
Write-Output "HTML Report path: %sonarqube.dotCoverHtmlReport%"

$dotCoverPath = "%teamcity.tool.JetBrains.dotCover.CommandLineTools.DEFAULT%\dotCover.exe"

Write-Output "dotCover Path: $dotCoverPath"

& $dotCoverPath merge /Source=$snapshot /Output=%env.TEMP%\dotCoverReport.dcvr
& $dotCoverPath report /Source=%env.TEMP%\dotCoverReport.dcvr /Output=%sonarqube.dotCoverHtmlReport% /ReportType=HTML]]></param>
          <param name="jetbrains_powershell_script_mode" value="CODE" />
          <param name="teamcity.step.mode" value="default" />
        </parameters>
      </runner>
      <runner id="RUNNER_13" name="SonarQube End Analysis" type="jetbrains_powershell">
        <parameters>
          <param name="jetbrains_powershell_execution" value="PS1" />
          <param name="jetbrains_powershell_noprofile" value="true" />
          <param name="jetbrains_powershell_script_code"><![CDATA[$sonarQubeRunnerFolder = '%sonarqube.runnerpath%'
$sonarQubeToken = '%sonarqube.token%'

Write-Output "Saving analysis results to SonarQube..."
$sonarQubeScannerPath = "$sonarQubeRunnerFolder\SonarQube.Scanner.MSBuild.exe"
Write-Output "SonarQube Scanner Path: $sonarQubeScannerPath"
$argumentList= "end /d:sonar.login=`"$sonarQubeToken`""
Write-Output "SonarQube Arguments: $argumentList"
Invoke-Expression -Command "$sonarQubeScannerPath $argumentList"
Write-Output "Done..."]]></param>
          <param name="jetbrains_powershell_script_mode" value="CODE" />
          <param name="teamcity.step.mode" value="default" />
        </parameters>
      </runner>
      <runner id="RUNNER_15" name="R# Inspect Code Issues in Solution" type="dotnet-tools-inspectcode">
        <parameters>
          <param name="dotnet-tools-inspectcode.solution" value="%project.solutionFilePath%" />
          <param name="jetbrains.resharper-clt.clt-path" value="%teamcity.tool.jetbrains.resharper-clt.DEFAULT%" />
          <param name="teamcity.step.mode" value="default" />
        </parameters>
      </runner>
      <runner id="RUNNER_16" name="Duplicates search (C#)" type="dotnet-tools-dupfinder">
        <parameters>
          <param name="dotnet-tools-dupfinder.discard_cost" value="70" />
          <param name="dotnet-tools-dupfinder.hashing.discard_literals" value="true" />
          <param name="dotnet-tools-dupfinder.include_files" value="**/*.cs" />
          <param name="jetbrains.resharper-clt.clt-path" value="%teamcity.tool.jetbrains.resharper-clt.DEFAULT%" />
          <param name="teamcity.step.mode" value="default" />
        </parameters>
      </runner>
    </build-runners>
    <vcs-settings />
    <requirements />
    <build-triggers>
      <build-trigger id="vcsTrigger" type="vcsTrigger">
        <parameters>
          <param name="branchFilter" value="+:*" />
          <param name="enableQueueOptimization" value="true" />
          <param name="quietPeriodMode" value="DO_NOT_USE" />
        </parameters>
      </build-trigger>
    </build-triggers>
    <cleanup />
  </settings>
</template>

